1thExec, 2thExec, 3rdExec, 4thExec, 5thExec
3.475005, 3.415721, 3.402606, 3.402756, 3.404704
1.454920, 1.453738, 1.452891, 1.453766, 1.454596
0.891883, 0.891801, 0.895695, 0.889953, 0.899261
1.449117, 1.438931, 1.442189, 1.443948, 1.440645
0.211383, 0.208510, 0.208465, 0.210603, 0.209122
0.209481, 0.208827, 0.211615, 0.208336, 0.210963
0.211221, 0.210122, 0.210564, 0.208560, 0.208686
0.208985, 0.208596, 0.211894, 0.212045, 0.208964