1thExec, 2thExec, 3rdExec, 4thExec, 5thExec
3.444816, 3.414799, 3.414401, 3.427745, 3.415238
1.655281, 1.658842, 1.669094, 1.655821, 1.663249
0.895611, 0.894180, 0.901759, 0.894897, 0.905094
1.445706, 1.449615, 1.441309, 1.442718, 1.447750
0.209742, 0.211280, 0.209883, 0.210341, 0.210352
0.209052, 0.208509, 0.209460, 0.210369, 0.209808
0.211320, 0.211825, 0.208531, 0.209349, 0.209792
0.209959, 0.212797, 0.210069, 0.209851, 0.208581