1thExec, 2thExec, 3rdExec, 4thExec, 5thExec
3.479739, 3.442694, 3.442236, 3.441789, 3.501036 
2.248332, 2.231015, 2.306359, 2.263003, 2.259204 
1.843538, 1.840254, 1.844793, 1.860804, 1.854583 
1.723916, 1.731114, 1.739201, 1.724716, 1.712687 
1.541079, 1.572412, 1.534888, 1.520085, 1.538861 
1.523959, 1.530781, 1.529479, 1.541622, 1.552395 
1.537055, 1.545155, 1.539273, 1.531003, 1.528116
1.526284, 1.531654, 1.527820, 1.531441, 1.554894 