1thExec, 2thExec, 3rdExec, 4thExec, 5thExec
5.754252, 5.745204, 5.756296, 5.737247, 5.750607 