1thExec, 2thExec, 3rdExec, 4thExec, 5thExec
3.425631, 3.402920, 3.404442, 3.403022, 3.403919
1.657940, 1.658866, 1.658921, 1.662599, 1.660597
0.890210, 0.896448, 0.891324, 0.894100, 0.889583
1.438461, 1.455896, 1.441470, 1.439097, 1.444837
0.209096, 0.209048, 0.208539, 0.208462, 0.210757
0.209887, 0.208815, 0.210526, 0.209552, 0.210818
0.211501, 0.209246, 0.210987, 0.209017, 0.211458
0.210024, 0.209557, 0.208478, 0.210968, 0.210525