1thExec, 2thExec, 3rdExec, 4thExec, 5thExec
3.443643, 3.423403, 3.424463, 3.421696, 3.428147 
2.245345, 2.249204, 2.254202, 2.252151, 2.245633 
1.843946, 1.842578, 1.856850, 1.854918, 1.844191 
1.714046, 1.721878, 1.711927, 1.720980, 1.718027 
1.534859, 1.533322, 1.534455, 1.526849, 1.550829 
1.528031, 1.533696, 1.521300, 1.530260, 1.529709 
1.555122, 1.533055, 1.543699, 1.531421, 1.525903 
1.526131, 1.559032, 1.525218, 1.527259, 1.542439 